{"stats":{"minecraft:used":{"minecraft:oak_log":2,"minecraft:stone_sword":6,"minecraft:stone_pickaxe":9,"minecraft:wooden_pickaxe":10,"minecraft:crafting_table":2,"minecraft:furnace":1,"minecraft:cooked_beef":2},"minecraft:killed":{"minecraft:sheep":2,"minecraft:cow":1},"minecraft:custom":{"minecraft:time_since_rest":20424,"lootr:looted_stat":3,"minecraft:interact_with_furnace":4,"minecraft:sprint_one_cm":34829,"minecraft:damage_taken":115,"minecraft:walk_one_cm":40737,"minecraft:mob_kills":3,"minecraft:damage_dealt":260,"minecraft:swim_one_cm":1354,"minecraft:interact_with_crafting_table":4,"minecraft:fly_one_cm":92750,"minecraft:crouch_one_cm":279,"minecraft:play_time":20424,"minecraft:sneak_time":103,"minecraft:walk_under_water_one_cm":20,"minecraft:jump":502,"minecraft:leave_game":4,"minecraft:time_since_death":20424,"minecraft:walk_on_water_one_cm":150,"minecraft:total_world_time":20424,"minecraft:fall_one_cm":15184},"minecraft:crafted":{"minecraft:cooked_beef":2,"minecraft:oak_planks":48,"minecraft:crafting_table":2,"minecraft:stick":8,"minecraft:wooden_pickaxe":1,"minecraft:stone_pickaxe":1,"minecraft:stone_sword":1,"minecraft:furnace":1,"minecraft:air":0},"minecraft:picked_up":{"minecraft:raw_iron":3,"minecraft:leather":1,"minecraft:oak_log":14,"minecraft:beef":2,"minecraft:coal":1,"spelunkers_charm:rock":3,"minecraft:mutton":3,"minecraft:white_wool":2,"minecraft:cobblestone":14,"minecraft:furnace":1},"minecraft:mined":{"spelunkers_charm:rock_pile_3":1,"minecraft:furnace":1,"minecraft:iron_ore":3,"minecraft:coal_ore":1,"minecraft:oak_log":14,"minecraft:stone":14}},"DataVersion":3465}