{"stats":{"minecraft:used":{"minecraft:oak_log":2},"minecraft:crafted":{"minecraft:crafting_table":1,"minecraft:oak_planks":48,"minecraft:stick":8},"minecraft:custom":{"minecraft:jump":153,"minecraft:time_since_rest":6539,"minecraft:damage_taken":25,"minecraft:leave_game":3,"lootr:looted_stat":1,"minecraft:play_time":6539,"minecraft:sprint_one_cm":12181,"minecraft:time_since_death":6539,"minecraft:walk_one_cm":6590,"minecraft:total_world_time":6539,"minecraft:fall_one_cm":3195,"minecraft:fly_one_cm":36787},"minecraft:picked_up":{"minecraft:oak_log":14},"minecraft:mined":{"minecraft:oak_log":14}},"DataVersion":3465}